ele;nombre;lng;lat
468;cerro bandera;-70,833;-33,483
550,28;cerro los ratones;-70,867;-33,533
562,46;puntilla de las rosas;-70,85;-33,4833333
645,07;cerro las rodriguez;-70,657256;-33,291654
676,96;cerro cardonal;-70,63333;-33,3
676,97;cerro la buitrera;-70,91;-33,585
684,06;morro blanco;-70,61667;-33,26667
707,78;loma larga;-70,64242;-33,296271
723,16;cerro colorado;-70,738503;-33,390598
728,13;punta lo ruiz;-70,701985;-33,3831
734,71;cerro la campana;-70,677882;-33,313048
741,83;morro del fraile;-70,91667;-33,51667
762,94;cerro la pedregosa;-70,666035;-33,317157
770,93;cerro negro;-70,67583333;-33,625
779,51;cerro chequen;-70,546769;-33,552498
786,62;cerro los maitenes;-70,617;-33,317
794,53;cerro chacarillas;-70,613;-33,4092
851,31;cerro san cristobal;-70,63333333;-33,42527778
851,49;canto del agua;-70,51495255;-33,43275553
860,71;purgatorio filo noroeste;-70,4791586;-33,60845823
861,31;cerro vizcachas;-70,546003;-33,606445
862,94;cerro macho quemado;-70,933;-33,433
869,74;cerro calan;-70,536955;-33,398702
884,15;cerro san ignacio;-70,68114;-33,33066
885,36;cerro renca;-70,71121111;-33,39073889
909,2;calera;-70,80532;-33,66292
911,47;morro el buitre;-70,65722;-33,328301
913;cerro pan de azucar;-70,69344;-33,31316
928,54;cerro el bolson;-70,62371;-33,30141
938,61;cerro caracha;-70,91667;-33,3
939;cerro de chena;-70,74269;-33,59401
979,48;cerro quitasol;-70,8958;-33,3642
980,1;cerro lo aguirre;-70,82979;-33,4653
980,89;cerro alto galindo;-70,5333333;-33,3166667
990,1;los peumos;-70,5079234;-33,43146966
997,18;cerro carbon;-70,5987263;-33,3618497
1002,56;cerro purgatorio ;-70,47364502;-33,61167404
1005,84;morro guayacan;-70,49699499;-33,39957199
1007,59;quebrada macul;-70,5106751;-33,50043856
1007,73;cerro del medio;-70,532363;-33,346631
1007,76;cerro tambor;-70,49941292;-33,40683231
1008;cuevas de torrecillas del manzano ;-70,38418874;-33,58393036
1008,83;punta de damas;-70,51336954;-33,5139563
1010,19;cerro guanaco;-70,64822557;-33,34213466
1014,23;cerro minillas;-70,520928;-33,539742
1027,69;cerro alvarado;-70,53519;-33,369989
1031,91;salto de apoquindo;-70,50104521;-33,43604366
1073,96;cerro alto durazno;-70,507183;-33,321991
1076,58;cerro alto de las mesas;-70,5;-33,31667
1081,77;cerro minas;-70,92;-33,4883
1093,87;cerro santa rosa;-70,5301;-33,5434
1098,1;cerro el aguilucho;-70,9042;-33,51
1101,95;cerro la invernada;-70,567;-33,35
1103,92;cerro cardo;-70,52236;-33,62829
1119;morro los cardos;-70,61125;-33,32829
1143,91;morro la cabra;-70,59843;-33,308249
1190;cerro la botica;-70,519711;-33,315009
1233,34;cerro placeta del buitre;-70,58644;-33,27208
1243,52;cerro los tucuqueres;-70,590189;-33,302365
1307,82;cerro divisadero;-70,59066;-33,2936
1327,32;cerro piedra sobre otra;-70,6;-33,333
1349,12;bosque de los brujos;-70,40514166;-33,53008241
1368,66;cerro trincaco;-70,9168;-33,2838
1375,69;morro el cepo;-70,58364;-33,27968
1375,86;morro las papas;-70,49316505;-33,41389264
1462,35;cerro gordo;-70,5804;-33,2982
1549,52;cerro torrecillas;-70,4125;-33,5567
1621,12;cerro manquehue;-70,58228;-33,35079
1689,17;cerro pochoco;-70,457137;-33,352787
1718,76;cerro oreganillo;-70,51036;-33,29442
1838,44;morro tinaja;-70,382234;-33,667303
1864,28;alto de las vizcachas;-70,478068;-33,42362
1867,8;alto del naranjo;-70,45217863;-33,39404077
1926,17;alto el olivillo;-70,3898;-33,34898
1938,97;cerro pacheco;-70,433;-33,35
2042,06;morro de pirque;-70,48213;-33,66803
2087,58;cerro el abanico;-70,484136;-33,488482
2208,99;cerro boniguita;-70,400055;-33,328828
2233,25;morro del purgatorio;-70,43533;-33,6205
2313,47;cerro de las iglesias;-70,3872;-33,6379
2328,29;morro del paico;-70,4758;-33,28
2341,5;cerro nipa;-70,414711;-33,39933
2415,2;cerro los azules;-70,464394;-33,670979
2445,82;morro purgatorio;-70,427503;-33,619781
2450,16;morro vega honda;-70,37668;-33,48837
2531,79;cerro conchali;-70,480074;-33,266159
2562,49;cerro la cruz;-70,47169444;-33,47561111
2646,28;cerro canoitas;-70,38720631;-33,29638389
2663;cerro terremoto;-70,3805;-33,44819444
2736,77;cerro provincia;-70,43462;-33,42663
3050,69;cerro punta de damas;-70,43799;-33,51349
3148,02;cerro de ramon;-70,44404;-33,50493
629;cerro santa lucia;-70,643167;-33,440278
